6212ed790f87f001bec6f8239af27131c803394b,DELETE,regular-file,target/classes/application.properties,433,
f3a8695c8ee4c3228cb0f7d93f6539f89969852d,DELETE,regular-file,target/classes/com/example/ecommerce/ecommerce/EcommerceApplication.class,778,
61dbc63d1f065f7852bbd463ec60c6bf4666ff06,DELETE,regular-file,target/classes/com/example/ecommerce/ecommerce/config/SecurityConfig.class,6538,
1d26ecead3e010c923e02a85dc0c50d09a6fe602,DELETE,regular-file,target/classes/com/example/ecommerce/ecommerce/config/UserInfoDetails.class,2054,
df06ee63dc31fce60ec09d42b1d0160c880f48cf,DELETE,regular-file,target/classes/com/example/ecommerce/ecommerce/config/UserInfoDetailsService.class,2079,
95b7616f29905c3d59c7832da9af4d88cddbcdc1,DELETE,regular-file,target/classes/com/example/ecommerce/ecommerce/controller/ConsumerController.class,7724,
df81eb845ffdb785805fedd411c4e3ee7d98e457,DELETE,regular-file,target/classes/com/example/ecommerce/ecommerce/controller/LoginController.class,4722,
58a33f584e331441e18182fbc4ab14074971c474,DELETE,regular-file,target/classes/com/example/ecommerce/ecommerce/controller/MyExceptionHandler.class,1762,
2942f9b99331fdf348dd0bb75dd6494d88e6cb14,DELETE,regular-file,target/classes/com/example/ecommerce/ecommerce/controller/PublicController.class,2084,
ae9f067b83388ddd24c26436e7c0c4e3ced90ea9,DELETE,regular-file,target/classes/com/example/ecommerce/ecommerce/controller/SellerController.class,1075,
690687e2a8c379bb932a44bdf07b55fa1308072b,DELETE,regular-file,target/classes/com/example/ecommerce/ecommerce/dto/AuthRequest.class,2574,
eb758b762d7394963f240a625df53845d4bae16d,DELETE,regular-file,target/classes/com/example/ecommerce/ecommerce/dto/JwtResponse.class,2395,
899b569c10a6f7bb81649d3e4ddc280796b94cd5,DELETE,regular-file,target/classes/com/example/ecommerce/ecommerce/filter/JwtFilter.class,3483,
b4a84312e59b9372409c273e0c360c3cb5b05176,DELETE,regular-file,target/classes/com/example/ecommerce/ecommerce/models/Cart.class,4987,
b010393ba153e0dc9395dabea3c2acb52a1f84f8,DELETE,regular-file,target/classes/com/example/ecommerce/ecommerce/models/CartProduct.class,5292,
d5ea8f785365762b822131db4abc553dfabca0cd,DELETE,regular-file,target/classes/com/example/ecommerce/ecommerce/models/Category.class,2596,
84ce318cece4686eca0b0a74fcfd49654a0e2fe6,DELETE,regular-file,target/classes/com/example/ecommerce/ecommerce/models/Product.class,4761,
c99608f8b6fe812a1395270bb45d1545bf7f09bb,DELETE,regular-file,target/classes/com/example/ecommerce/ecommerce/models/UserInfo.class,3548,
0013b90a01fe12c02da10890545ba94a880e38b5,DELETE,regular-file,target/classes/com/example/ecommerce/ecommerce/repository/CartProductRepo.class,947,
a8c59dfd7e2ce59f46abf11b75460715fd158cc4,DELETE,regular-file,target/classes/com/example/ecommerce/ecommerce/repository/CartRepo.class,660,
903536d08bcb9fc85d98813b8af4a80bfdf04bf8,DELETE,regular-file,target/classes/com/example/ecommerce/ecommerce/repository/CategoryRepo.class,461,
962d6cfd478d15fd755533d2bab893069c44bb17,DELETE,regular-file,target/classes/com/example/ecommerce/ecommerce/repository/ProductRepo.class,1223,
f3dec5e5ead6f2206979bdb6099be57c85502d75,DELETE,regular-file,target/classes/com/example/ecommerce/ecommerce/repository/UserInfoRepository.class,811,
0ebd211ac1661f68ee2bb523cde17195ab617477,DELETE,regular-file,target/classes/com/example/ecommerce/ecommerce/service/JwtService.class,4641,
